Group,AvgReturn
ESG,0.004713214552176933
Traditional,0.005931322280552059
